track_id,danceability,energy,valence,acousticness,instrumentalness,liveness,speechiness,tempo,key,mode,loudness,time_signature
t1,0.75,0.68,0.58,0.12,0.00001,0.09,0.04,96.5,2,1,-5.2,4
t2,0.80,0.73,0.62,0.09,0.00000,0.10,0.05,171.0,1,1,-4.8,4
t3,0.60,0.70,0.30,0.15,0.00002,0.11,0.06,138.2,9,0,-6.1,4
t4,0.83,0.55,0.40,0.20,0.00000,0.12,0.07,89.3,6,1,-7.0,4
t5,0.50,0.45,0.25,0.30,0.00010,0.08,0.09,80.0,11,0,-8.3,4
